--Escribir las sentencias SQL para agregar datos a las tablas, al menos 10 tuplas o registros por cada entidad.

INSERT INTO cliente (nombrecliente, apellidocliente, dnicliente, direccioncliente, emailcliente) VALUES ('juan', 'gonzales', '89027947', 'calle 1', 'Juangonzalesmail');
INSERT INTO cliente (nombrecliente, apellidocliente, dnicliente, direccioncliente, emailcliente) VALUES ('alfredo', 'gunsgberg ', '87227945', 'calle 2', 'Alfredogunsbergmail');
INSERT INTO cliente (nombrecliente, apellidocliente, dnicliente, direccioncliente, emailcliente) VALUES ('julian', 'bol', '56324947', 'calle 3', 'Julianbolmail');
INSERT INTO cliente (nombrecliente, apellidocliente, dnicliente, direccioncliente, emailcliente) VALUES ('zoe', 'mancusso', '52324849', 'calle 4', 'zoemancumail');
INSERT INTO cliente (nombrecliente, apellidocliente, dnicliente, direccioncliente, emailcliente) VALUES ('manuel', 'varela', '69213475', 'calle 2', 'manuvarelamail');
INSERT INTO cliente (nombrecliente, apellidocliente, dnicliente, direccioncliente, emailcliente) VALUES ('manuel', 'gonzales', '83497946', 'calle 1', 'Juangonzamial');
INSERT INTO cliente (nombrecliente, apellidocliente, dnicliente, direccioncliente, emailcliente) VALUES ('Marcos', 'Alonso', '32247757', 'calle 1', 'marcosalonsomail');
INSERT INTO cliente (nombrecliente, apellidocliente, dnicliente, direccioncliente, emailcliente) VALUES ('Miguel', 'Tyson', '77024647', 'calle 1', 'migueltysonmail');
INSERT INTO cliente (nombrecliente, apellidocliente, dnicliente, direccioncliente, emailcliente) VALUES ('Rodrygo', 'gilandin', '99628557', 'calle 3', 'rodrygogilandinmail');
INSERT INTO cliente (nombrecliente, apellidocliente, dnicliente, direccioncliente, emailcliente) VALUES ('martin', 'astillo', '65047886', 'calle 3', 'martinastillomail');
INSERT INTO cliente (nombrecliente, apellidocliente, dnicliente, direccioncliente, emailcliente) VALUES ('Freida', 'Lang', 'calle 2', '643642', 'Alberta.Rath26@yahoo.com');
INSERT INTO cliente (nombrecliente, apellidocliente, dnicliente, direccioncliente, emailcliente) VALUES ('Rex', 'Ferry', 'calle 3', '2281736', 'Lavina88@hotmail.com');
INSERT INTO cliente (nombrecliente, apellidocliente, dnicliente, direccioncliente, emailcliente) VALUES ('Novella', 'Klein', 'calle 4', '2758786', 'Philip95@gmail.com');
INSERT INTO cliente (nombrecliente, apellidocliente, dnicliente, direccioncliente, emailcliente) VALUES ('Reynold', 'Larkin', 'calle 5', '29755', 'Aiden6@gmail.com');
INSERT INTO cliente (nombrecliente, apellidocliente, dnicliente, direccioncliente, emailcliente) VALUES ('Omer', 'Upton', 'calle 1', '2636729', 'Davion.Waelchi@hotmail.com');
INSERT INTO cliente (nombrecliente, apellidocliente, dnicliente, direccioncliente, emailcliente) VALUES ('Isabel', 'Schuppe', 'calle 2', '4450910', 'Graham18@yahoo.com');
INSERT INTO cliente (nombrecliente, apellidocliente, dnicliente, direccioncliente, emailcliente) VALUES ('Jaylen', 'Thiel', 'calle 3', '2616733', 'Jarod.Marks@gmail.com');
INSERT INTO cliente (nombrecliente, apellidocliente, dnicliente, direccioncliente, emailcliente) VALUES ('Shirley', 'Dickens', 'calle 4', '3438109', 'Justen.Gerhold@gmail.com');
INSERT INTO cliente (nombrecliente, apellidocliente, dnicliente, direccioncliente, emailcliente) VALUES ('Cleve', 'Jacobs', 'calle 5', '215685', 'Philip.Osinski@gmail.com');
INSERT INTO cliente (nombrecliente, apellidocliente, dnicliente, direccioncliente, emailcliente) VALUES ('Hobart', 'Shanahan', 'calle 1', '1881677', 'Caterina_Nader88@hotmail.com');
INSERT INTO cliente (nombrecliente, apellidocliente, dnicliente, direccioncliente, emailcliente) VALUES ('Hudson', 'Macejkovic', 'calle 2', '302053', 'Christ.Feeney17@hotmail.com');
INSERT INTO cliente (nombrecliente, apellidocliente, dnicliente, direccioncliente, emailcliente) VALUES ('Zelda', 'Leannon', 'calle 3', '3935585', 'Abigayle23@gmail.com');
INSERT INTO cliente (nombrecliente, apellidocliente, dnicliente, direccioncliente, emailcliente) VALUES ('Kamille', 'Marks', 'calle 4', '1094627', 'Reece.Gerhold@gmail.com');
INSERT INTO cliente (nombrecliente, apellidocliente, dnicliente, direccioncliente, emailcliente) VALUES ('Delbert', 'Hayes', 'calle 5', '1320295', 'Vito_Hoeger@hotmail.com');
INSERT INTO cliente (nombrecliente, apellidocliente, dnicliente, direccioncliente, emailcliente) VALUES ('Urban', 'Schiller', 'calle 1', '3246858', 'Katelyn.Terry91@hotmail.com');
INSERT INTO cliente (nombrecliente, apellidocliente, dnicliente, direccioncliente, emailcliente) VALUES ('Kayli', 'Conn', 'calle 2', '956991', 'Harmon.Reilly81@yahoo.com');
INSERT INTO cliente (nombrecliente, apellidocliente, dnicliente, direccioncliente, emailcliente) VALUES ('Danielle', 'Ziemann', 'calle 3', '1678619', 'Alize.Ondricka@yahoo.com');
INSERT INTO cliente (nombrecliente, apellidocliente, dnicliente, direccioncliente, emailcliente) VALUES ('Shany', 'Little', 'calle 4', '359514', 'Amanda.Donnelly46@yahoo.com');
INSERT INTO cliente (nombrecliente, apellidocliente, dnicliente, direccioncliente, emailcliente) VALUES ('Perry', 'Hilll', 'calle 5', '46909', 'Irwin_Cartwright@yahoo.com');
INSERT INTO cliente (nombrecliente, apellidocliente, dnicliente, direccioncliente, emailcliente) VALUES ('Lia', 'Kihn', 'calle 1', '527987', 'Chasity_Blanda35@gmail.com');
INSERT INTO cliente (nombrecliente, apellidocliente, dnicliente, direccioncliente, emailcliente) VALUES ('Lisandro', 'Sipes', 'calle 2', '438383', 'Glenda_Sauer87@hotmail.com');
INSERT INTO cliente (nombrecliente, apellidocliente, dnicliente, direccioncliente, emailcliente) VALUES ('Rosario', 'Wyman', 'calle 3', '1319674', 'Isac0@hotmail.com');
INSERT INTO cliente (nombrecliente, apellidocliente, dnicliente, direccioncliente, emailcliente) VALUES ('Charity', 'Pouros', 'calle 4', '1006399', 'Andreanne92@yahoo.com');
INSERT INTO cliente (nombrecliente, apellidocliente, dnicliente, direccioncliente, emailcliente) VALUES ('Carson', 'Boyer', 'calle 5', '3712907', 'Katlyn.McDermott87@hotmail.com');
INSERT INTO cliente (nombrecliente, apellidocliente, dnicliente, direccioncliente, emailcliente) VALUES ('Jaunita', 'Farrell', 'calle 1', '13722', 'Karianne.Stark@gmail.com');


INSERT INTO productos (nombre, precio, stock, descripcion) VALUES ('Campera jumper', '270', '80', 'Campera hecha de poliéster');
INSERT INTO productos (nombre, precio, stock, descripcion) VALUES ('Gorro beanie', '54', '47', 'Gorro de tela francesa');
INSERT INTO productos (nombre, precio, stock, descripcion) VALUES ('Pantalón vaquero', '50', '64', 'Pantalón de cuero australiano');
INSERT INTO productos (nombre, precio, stock, descripcion) VALUES ('Zapatillas logo', '220', '23', 'Zapatillas de de tela indonesia con una capa de aire concentrado');
INSERT INTO productos (nombre, precio, stock, descripcion) VALUES ('Medias deportivas', '12', '79', 'Medias de tela con algodón suave');
INSERT INTO productos (nombre, precio, stock, descripcion) VALUES ('pantalon jogging', '22', '45', 'pantalón deportivo con material hipoalergenico');
INSERT INTO productos (nombre, precio, stock, descripcion) VALUES ('Jean roto', '83', '42', 'Jean de cuero sintético');
INSERT INTO productos (nombre, precio, stock, descripcion) VALUES ('jersey basketball', '38', '15', 'jersey de los pistons de Ben Wallace');
INSERT INTO productos (nombre, precio, stock, descripcion) VALUES ('remera sublimada', '25', '34', 'remera blanca hecha de algodón');
INSERT INTO productos (nombre, precio, stock, descripcion) VALUES ('campera 999 WLRD LTD', '349', '5', 'campera con acabados finos');


INSERT INTO pedidos (idcliente, fechapedido, idproducto) VALUES ('1', '2012-05-26', '1');
INSERT INTO pedidos (idcliente, fechapedido, idproducto) VALUES ('1', '2018-04-12', '4');
INSERT INTO pedidos (idcliente, fechapedido, idproducto) VALUES ('3', '2017-11-12', '2');
INSERT INTO pedidos (idcliente, fechapedido, idproducto) VALUES ('4', '2017-05-26', '5');
INSERT INTO pedidos (idcliente, fechapedido, idproducto) VALUES ('8', '2005-03-08', '2');
INSERT INTO pedidos (idcliente, fechapedido, idproducto) VALUES ('4', '2019-05-27', '5');
INSERT INTO pedidos (idcliente, fechapedido, idproducto) VALUES ('6', '2022-01-01', '7');
INSERT INTO pedidos (idcliente, fechapedido, idproducto) VALUES ('2', '2020-01-15', '3');
INSERT INTO pedidos (idcliente, fechapedido, idproducto) VALUES ('5', '2015-12-21', '4');
INSERT INTO pedidos (idcliente, fechapedido, idproducto) VALUES ('8', '2018-11-11', '10');


INSERT INTO pago (idpedido) VALUES ('7');
INSERT INTO pago (idpedido) VALUES ('3');
INSERT INTO pago (idpedido) VALUES ('4');
INSERT INTO pago (idpedido) VALUES ('6');
INSERT INTO pago (idpedido) VALUES ('5');
INSERT INTO pago (idpedido) VALUES ('9');
INSERT INTO pago (idpedido) VALUES ('8');
INSERT INTO pago (idpedido) VALUES ('10');
INSERT INTO pago (idpedido) VALUES ('2');
INSERT INTO pago (idpedido) VALUES ('1');


INSERT INTO factura (idpago) VALUES ('8');
INSERT INTO factura (idpago) VALUES ('4');
INSERT INTO factura (idpago) VALUES ('5');
INSERT INTO factura (idpago) VALUES ('3');
INSERT INTO factura (idpago) VALUES ('2');
INSERT INTO factura (idpago) VALUES ('9');
INSERT INTO factura (idpago) VALUES ('1');
INSERT INTO factura (idpago) VALUES ('10');
INSERT INTO factura (idpago) VALUES ('6');
INSERT INTO factura (idpago) VALUES ('7');
