-- Escribir las sentencias SQL para agregar datos a las tablas, al menos 10 tuplas o registros por cada entidad.

INSERT INTO cliente (nombrecliente, apellidocliente, dnicliente, direccioncliente, emailcliente) VALUES ('juan', 'gonzales', '89027947', '1', 'Juangonzalesmail');
INSERT INTO cliente (nombrecliente, apellidocliente, dnicliente, direccioncliente, emailcliente) VALUES ('alfredo', 'gunsgberg ', '87227945', '2', 'Alfredogunsbergmail');
INSERT INTO cliente (nombrecliente, apellidocliente, dnicliente, direccioncliente, emailcliente) VALUES ('julian', 'bol', '56324947', '3', 'Julianbolmail');
INSERT INTO cliente (nombrecliente, apellidocliente, dnicliente, direccioncliente, emailcliente) VALUES ('zoe', 'mancusso', '52324849', '4', 'zoemancumail');
INSERT INTO cliente (nombrecliente, apellidocliente, dnicliente, direccioncliente, emailcliente) VALUES ('manuel', 'varela', '69213475', '2', 'manuvarelamail');
INSERT INTO cliente (nombrecliente, apellidocliente, dnicliente, direccioncliente, emailcliente) VALUES ('manuel', 'gonzales', '83497946', '1', 'Juangonzamial');
INSERT INTO cliente (nombrecliente, apellidocliente, dnicliente, direccioncliente, emailcliente) VALUES ('Marcos', 'Alonso', '32247757', '1', 'marcosalonsomail');
INSERT INTO cliente (nombrecliente, apellidocliente, dnicliente, direccioncliente, emailcliente) VALUES ('Miguel', 'Tyson', '77024647', '1', 'migueltysonmail');
INSERT INTO cliente (nombrecliente, apellidocliente, dnicliente, direccioncliente, emailcliente) VALUES ('Rodrygo', 'gilandin', '99628557', '3', 'rodrygogilandinmail');
INSERT INTO cliente (nombrecliente, apellidocliente, dnicliente, direccioncliente, emailcliente) VALUES ('martin', 'astillo', '65047886', '3', 'martinastillomail');
INSERT INTO cliente (nombrecliente, apellidocliente, dnicliente, direccioncliente, emailcliente) VALUES ('Freida', 'Lang', '643642', '2', 'Alberta.Rath26@yahoo.com');
INSERT INTO cliente (nombrecliente, apellidocliente, dnicliente, direccioncliente, emailcliente) VALUES ('Rex', 'Ferry', '2281736', '3', 'Lavina88@hotmail.com');
INSERT INTO cliente (nombrecliente, apellidocliente, dnicliente, direccioncliente, emailcliente) VALUES ('Novella', 'Klein', '2758786', '4', 'Philip95@gmail.com');
INSERT INTO cliente (nombrecliente, apellidocliente, dnicliente, direccioncliente, emailcliente) VALUES ('Reynold', 'Larkin', '29755', '5', 'Aiden6@gmail.com');
INSERT INTO cliente (nombrecliente, apellidocliente, dnicliente, direccioncliente, emailcliente) VALUES ('Omer', 'Upton', '2636729', '1', 'Davion.Waelchi@hotmail.com');
INSERT INTO cliente (nombrecliente, apellidocliente, dnicliente, direccioncliente, emailcliente) VALUES ('Isabel', 'Schuppe', '4450910', '2', 'Graham18@yahoo.com');
INSERT INTO cliente (nombrecliente, apellidocliente, dnicliente, direccioncliente, emailcliente) VALUES ('Jaylen', 'Thiel', '2616733', '3', 'Jarod.Marks@gmail.com');
INSERT INTO cliente (nombrecliente, apellidocliente, dnicliente, direccioncliente, emailcliente) VALUES ('Shirley', 'Dickens', '3438109', '4', 'Justen.Gerhold@gmail.com');
INSERT INTO cliente (nombrecliente, apellidocliente, dnicliente, direccioncliente, emailcliente) VALUES ('Cleve', 'Jacobs', '215685', '5', 'Philip.Osinski@gmail.com');
INSERT INTO cliente (nombrecliente, apellidocliente, dnicliente, direccioncliente, emailcliente) VALUES ('Hobart', 'Shanahan', '1881677', '1', 'Caterina_Nader88@hotmail.com');
INSERT INTO cliente (nombrecliente, apellidocliente, dnicliente, direccioncliente, emailcliente) VALUES ('Hudson', 'Macejkovic', '302053', '2', 'Christ.Feeney17@hotmail.com');
INSERT INTO cliente (nombrecliente, apellidocliente, dnicliente, direccioncliente, emailcliente) VALUES ('Zelda', 'Leannon', '3935585', '3', 'Abigayle23@gmail.com');
INSERT INTO cliente (nombrecliente, apellidocliente, dnicliente, direccioncliente, emailcliente) VALUES ('Kamille', 'Marks', '1094627', '4', 'Reece.Gerhold@gmail.com');
INSERT INTO cliente (nombrecliente, apellidocliente, dnicliente, direccioncliente, emailcliente) VALUES ('Delbert', 'Hayes', '1320295', '5', 'Vito_Hoeger@hotmail.com');
INSERT INTO cliente (nombrecliente, apellidocliente, dnicliente, direccioncliente, emailcliente) VALUES ('Urban', 'Schiller', '3246858', '1', 'Katelyn.Terry91@hotmail.com');
INSERT INTO cliente (nombrecliente, apellidocliente, dnicliente, direccioncliente, emailcliente) VALUES ('Kayli', 'Conn', '956991', '2', 'Harmon.Reilly81@yahoo.com');
INSERT INTO cliente (nombrecliente, apellidocliente, dnicliente, direccioncliente, emailcliente) VALUES ('Danielle', 'Ziemann', '1678619', '3', 'Alize.Ondricka@yahoo.com');
INSERT INTO cliente (nombrecliente, apellidocliente, dnicliente, direccioncliente, emailcliente) VALUES ('Shany', 'Little', '359514', '4', 'Amanda.Donnelly46@yahoo.com');
INSERT INTO cliente (nombrecliente, apellidocliente, dnicliente, direccioncliente, emailcliente) VALUES ('Perry', 'Hilll', '46909', '5', 'Irwin_Cartwright@yahoo.com');
INSERT INTO cliente (nombrecliente, apellidocliente, dnicliente, direccioncliente, emailcliente) VALUES ('Lia', 'Kihn', '527987', '1', 'Chasity_Blanda35@gmail.com');
INSERT INTO cliente (nombrecliente, apellidocliente, dnicliente, direccioncliente, emailcliente) VALUES ('Lisandro', 'Sipes', '438383', '2', 'Glenda_Sauer87@hotmail.com');
INSERT INTO cliente (nombrecliente, apellidocliente, dnicliente, direccioncliente, emailcliente) VALUES ('Rosario', 'Wyman', '1319674', '3', 'Isac0@hotmail.com');
INSERT INTO cliente (nombrecliente, apellidocliente, dnicliente, direccioncliente, emailcliente) VALUES ('Charity', 'Pouros', '1006399', '4', 'Andreanne92@yahoo.com');
INSERT INTO cliente (nombrecliente, apellidocliente, dnicliente, direccioncliente, emailcliente) VALUES ('Carson', 'Boyer', '3712907', '5', 'Katlyn.McDermott87@hotmail.com');
INSERT INTO cliente (nombrecliente, apellidocliente, dnicliente, direccioncliente, emailcliente) VALUES ('Jaunita', 'Farrell', '13722', '1', 'Karianne.Stark@gmail.com');


INSERT INTO productos (nombre, precio, stock, descripcion) VALUES ('Campera jumper', '270', '80', 'Campera hecha de poliéster');
INSERT INTO productos (nombre, precio, stock, descripcion) VALUES ('Gorro beanie', '54', '47', 'Gorro de tela francesa');
INSERT INTO productos (nombre, precio, stock, descripcion) VALUES ('Pantalón vaquero', '50', '64', 'Pantalón de cuero australiano');
INSERT INTO productos (nombre, precio, stock, descripcion) VALUES ('Zapatillas logo', '220', '23', 'Zapatillas de de tela indonesia con una capa de aire concentrado');
INSERT INTO productos (nombre, precio, stock, descripcion) VALUES ('Medias deportivas', '12', '79', 'Medias de tela con algodón suave');
INSERT INTO productos (nombre, precio, stock, descripcion) VALUES ('pantalon jogging', '22', '45', 'pantalón deportivo con material hipoalergenico');
INSERT INTO productos (nombre, precio, stock, descripcion) VALUES ('Jean roto', '83', '42', 'Jean de cuero sintético');
INSERT INTO productos (nombre, precio, stock, descripcion) VALUES ('jersey basketball', '38', '15', 'jersey de los pistons de Ben Wallace');
INSERT INTO productos (nombre, precio, stock, descripcion) VALUES ('remera sublimada', '25', '34', 'remera blanca hecha de algodón');
INSERT INTO productos (nombre, precio, stock, descripcion) VALUES ('campera 999 WLRD LTD', '349', '5', 'campera con acabados finos');


INSERT INTO pedidos (idcliente, fechapedido, idproducto) VALUES ('1', '2012-05-26', '1');
INSERT INTO pedidos (idcliente, fechapedido, idproducto) VALUES ('1', '2018-04-12', '4');
INSERT INTO pedidos (idcliente, fechapedido, idproducto) VALUES ('3', '2017-11-12', '2');
INSERT INTO pedidos (idcliente, fechapedido, idproducto) VALUES ('4', '2017-05-26', '5');
INSERT INTO pedidos (idcliente, fechapedido, idproducto) VALUES ('8', '2005-03-08', '2');
INSERT INTO pedidos (idcliente, fechapedido, idproducto) VALUES ('4', '2019-05-27', '5');
INSERT INTO pedidos (idcliente, fechapedido, idproducto) VALUES ('6', '2022-01-01', '7');
INSERT INTO pedidos (idcliente, fechapedido, idproducto) VALUES ('2', '2020-01-15', '3');
INSERT INTO pedidos (idcliente, fechapedido, idproducto) VALUES ('5', '2015-12-21', '4');
INSERT INTO pedidos (idcliente, fechapedido, idproducto) VALUES ('8', '2018-11-11', '10');


INSERT INTO pago (idpedido) VALUES ('7');
INSERT INTO pago (idpedido) VALUES ('3');
INSERT INTO pago (idpedido) VALUES ('4');
INSERT INTO pago (idpedido) VALUES ('6');
INSERT INTO pago (idpedido) VALUES ('5');
INSERT INTO pago (idpedido) VALUES ('9');
INSERT INTO pago (idpedido) VALUES ('8');
INSERT INTO pago (idpedido) VALUES ('10');
INSERT INTO pago (idpedido) VALUES ('2');
INSERT INTO pago (idpedido) VALUES ('1');


INSERT INTO factura (idpago) VALUES ('8');
INSERT INTO factura (idpago) VALUES ('4');
INSERT INTO factura (idpago) VALUES ('5');
INSERT INTO factura (idpago) VALUES ('3');
INSERT INTO factura (idpago) VALUES ('2');
INSERT INTO factura (idpago) VALUES ('9');
INSERT INTO factura (idpago) VALUES ('1');
INSERT INTO factura (idpago) VALUES ('10');
INSERT INTO factura (idpago) VALUES ('6');
INSERT INTO factura (idpago) VALUES ('7');
